Mon Jun 27 05:25:30 JST 2022	1656275130
Mon Jun 27 05:37:41 JST 2022	1656275861
Mon Jun 27 06:14:47 JST 2022	1656278087
Mon Jun 27 06:16:21 JST 2022	1656278181
Wed Jun 29 23:13:53 JST 2022	1656512033
Wed Jun 29 23:14:52 JST 2022	1656512092
Sat Jul  2 09:09:57 JST 2022	1656720597
Sun Jul  3 10:15:41 JST 2022	1656810941
Sun Jul  3 10:29:56 JST 2022	1656811796
Sun Jul  3 14:25:56 JST 2022	1656825956
Fri Jul  8 06:10:24 JST 2022	1657228224
Fri Jul  8 06:12:00 JST 2022	1657228320
Fri Jul  8 17:28:44 JST 2022	1657268924
Sat Jul  9 00:08:28 JST 2022	1657292908
Sat Jul  9 00:09:28 JST 2022	1657292968
Sat Jul  9 05:22:13 JST 2022	1657311733
Sun Jul 10 12:20:44 JST 2022	1657423244
Thu Jul 14 04:32:58 JST 2022	1657740778
Sat Jul 16 15:52:25 JST 2022	1657954345
